"Stone Age",""
"Tools!",""
"Getting some resources",""
"Crushy Crush Crush",""
"Bronze, the Game: More Bronze!",""
"BURN BABY, BURN!",""
"STOP! HAMMER TIME!",""
"Flat thingy",""
"*file scratching noise*",""
"Bronze, the Game: Now we have ingots!",""
"Bronze, the Game: This is getting boring...",""
"Small Bronze Pipe",""
"That stuff for pottery, right?",""
"Hard as Bricks! Literally!",""
"brigg walb",""
"Steamy",""
"Must... Hulld... Together!",""
"SMELT FASTERRRR!!!!!!!!!",""
"Hull 2.0",""
"Upgrades!",""
"Red version of Stone",""
"piston time!!11111!!",""
"Just like a zip file",""
"Break da Brick",""
"I thought it was ALREADY dust!",""
"Burning clay...?",""
"Less Moldable Fireclay",""
"Brick 2.0",""
"Very primitive bricks!",""
"Roddy likes it",""
"Screwdriven",""
"Wrench time!",""
"Almost at steel...",""
"Wow! A multiblock thingy!",""
"Steel Ingot",""
"Steel Ingot",""
"Steel Ingot",""
"FINALLY!!!!!!! STEEL!!!!!!!!!",""
