{
  "weight": 30,
  "density": 0.4,
  "max_height": 40,
  "min_height": 20,
  "surface_stone_material": "neodymium",

  "generator": {
    "type": "ellipsoid",
    "radius": [13, 13]
  },
  "filler": {
    "type": "simple",
    "value": {
      "type": "weight_random",
      "values": [
        {
          "weight": 60,
          "value": "ore:bastnasite"
        },
        {
          "weight": 20,
          "value": "ore:monazite"
        },
		{
          "weight": 20,
          "value": "ore:neodymium"
        }
      ]
    }
  }
}